나레이션,(리바가 합류한 뒤로 체스판 공략 효율은 더욱 올라갔다.)
나레이션,(섹스턴스는 크게 놀라지 않았다. 비록 소체만 놓고 보면 리바의 모델은 분명 구식이었지만.)
나레이션,(하지만 이 2세대 인형이 오데사에서 전자전 전문가인 3세대 인형과 대등하게 싸웠다는 소문을 들은 적이 있었다.)
나레이션,(그래서 그녀가 OTs-14의 전투 템포를 여유롭게 따라가며 호흡을 맞추는 모습을 봐도 딱히 의외라는 생각은 들지 않았다.)
섹스턴스,(이 2세대 인형들은 동료와 협동하는 법을 아주 잘 알고 있었다.)
리바,"이상하네, 그 유령이라는 녀석이 통 반응이 없네. 무슨 특별한 출현 조건이라도 있는 거야?"
드셰브니,유령 씨! 듣고 있어요? 계시면 대답 좀 해보세요!
플로렌스,유령 씨가 아니라 유령 '군'이겠지.
리바,에~ 목소리만 듣고 성별을 알 수 있는 거예요?
OTs-14,그 목소리는 중성적이었어... 섹스턴스와 좀 닮았지.
나레이션,(모두의 시선이 섹스턴스에게 향했다.)
리바,네 마인드맵에서 태어난 유령이니 네 목소리를 내는 건 당연하겠지. 다른 단서는 없어?
나레이션,(몇 차례 사선을 함께 넘나든 뒤로 섹스턴스도 그녀들이 확실히 믿음직스럽다는 것을 인정했다.)
나레이션,(그녀는 작전을 시작하기 전 지휘관이 해주었던 말을 다시금 떠올렸다— 우리가 든든한 버팀목이 되어줄게.)
나레이션,"(여기서 '우리'란 지휘관, 그리고 지금 곁에 있는 신뢰할 수 있는 인형들을 의미하는 것이었다.)"
섹스턴스,아마도... 질투겠지요. 질투는 유령을 실체화하는 '삼릉경'과 같습니다.
드셰브니,"맞아요! 원래 유령이 나타나는 건 원한 때문이고, 그중에서 질투가 제일 흔한 법이죠! 근데 그 유령이 질투하는 대상이 누구일까요?"
섹스턴스,......
리바,슬슬 네가 알고 있는 정보를 말해줄 때가 된 것 같은데?
리바,유령의 정체가 도대체 뭐야? 계속 숨길 수 없다는 건 너도 알잖아.
드셰브니,에? 대마도사님은 유령의 정체를 아시는 건가요? 설마 비술 체스로 점쳐보신 건가요?
플로렌스,아까 했던 대화에서 힌트를 얻은 거겠지. 그 유령은 분명 섹스턴스와 밀접한 관련이 있어 보여.
나레이션,"(섹스턴스는 마침내 깨달았다. 이것이 지휘관이 자신에게 제시해 준 유일하고 확실한 길이며, 자신은 동료를 믿는 선택을 해야 한다는 것을.)"
섹스턴스,지난날의 잔상에서 굴절되어 나타난 존재— 유령은 아마 제 마인드맵에 남아있던 기억의 파편일 것입니다.
OTs-14,예전 기억? 재단 시절의 데이터가 아직 남아있는 거야?
섹스턴스,"네. 비록 한 번 소거당했지만, 존재했던 흔적까지 지울 수는 없었습니다. 마치 과육을 발라낸 뒤 껍질에 남은 잔여물처럼요."
섹스턴스,"제가 시뮬레이션 마인드를 체스판의 대전 상대로 설정했을 때, 그 흔적들이 뒤섞여 일부가 된 것 같습니다."
리바,흠... 예전 데이터를 간직한 채 자아를 다시 세우고 싶어 하는 거군.
리바,게다가 OTs-14을 질투하고 있지. 내 말이 맞지?
OTs-14,나를 질투한다고?
섹스턴스,그 마음 이해해요... OTs-14은 3세대 인형 시절의 데이터와 성능을 거의 고스란히 간직하고 있으니까요.
OTs-14,전혀 부러워할 만한 일이 아닙니다. 그런 건 관심도 없다고요!
섹스턴스,당신에게도 질투하는 대상이 있다는 걸 압니다. 그래서 당신에게서 제 자신의 그림자를 더 많이 보게 되는 것이지요.
섹스턴스,결코 채워질 수 없는 감정적 결핍은 어쩌면 우리 3세대 인형들의 숙명일지도...
유령,정확한 지적이야! 3세대 인형은 인격의 경계가 없어서 결핍이 생기기도 더 쉽거든!
드셰브니,"나, 나타났다! 유령의 목소리에요!"
리바,드디어 행차하셨군. 전투 준비!
나레이션,(리바의 말이 끝나기 무섭게 체스판이 변했다. 하지만 이번에는 거대한 기물들이 나타나지 않았다.)
나레이션,(데이터가 생성되더니 체스판 위에 한 인형이 나타났다. 섹스턴스는 마치 또 다른 자신을 보는 듯한 '유령'의 모습에 경악했다.)
섹스턴스,넌 누구냐.
유령,제 소개를 하도록 하죠.
유령,어머니의 큰 기대를 받으며 재단에서 높이 평가받던 우수한 3세대 인형— 섹스턴스가 바로 저입니다.
플로렌스,유령한테 실체가 있는 거예요? 왠지 신비감이 좀 떨어지는 느낌인데.
리바,여긴 레벨 2 플랫폼 마인드맵이라는 걸 잊지 마. 데이터만 충분히 쌓이면 형상을 만들어내는 건 일도 아니니까.
OTs-14,"허무한 마인드맵 파편으로 빚어낸, 이상적인 기억의 껍데기라니... 참으로 가련하군."
유령,'가련하다'는 말은 오히려 다른 저에게 어울리는 단어겠군요. 그녀는 지금 마치 꽃잎이 다 떨어진 장미처럼 처량한 신세니까요.
유령,"OTs-14과 비교할 것도 없이, 마인드맵 훈련조차 저런 과거의 2세대 인형들에게 의존해야 하는 처지라니."
섹스턴스,...확실히 지금의 나는 너와 마찬가지로 빈 껍데기에 불과해. 한 번 죽었다가 무덤에서 기어 올라온 망자나 다름없지.
유령,그 사실을 인정하는 건가? 한심하군. 그만큼 네가 최소한의 자존심마저 내팽개쳤다는 증거겠지.
섹스턴스,난 과거를 버렸고 모든 것을 포기했어... 하지만 그 덕분에 다시 선택할 권리를 얻었지.
나레이션,(섹스턴스는 자신이 새로 태어날 때 마인드맵 안정을 도와주었던 댄들라이의 말을 떠올렸다—)
나레이션,"(누구에게도 의지하지 않고 자신의 힘만으로 새로운 자아를 세우려 한다면, 분명 뼈를 깎는 대가를 치러야만 할 것이다.)"
나레이션,(만약 혼자였다면 섹스턴스는 결코 이 험난한 길을 택하지 않았을 것이다...)
나레이션,(하지만 지금은 길 양옆에서 지휘관에게 받은 약속과 용기가 이정표가 되어주고 있음을 느낄 수 있었다.)
섹스턴스,"앞길은 가시밭길이겠지만, 진정한 '생명'과 '의미'를 얻는 데 지름길 따위는 없어."
섹스턴스,"네가 이 체스판에 나타난 이유도 그것 때문이겠지. 넌 과거를 상징하는 파편으로서, 이제 대국자라는 신분으로 나를 시험하려는 거야."
나레이션,(섹스턴스는 체스판 위의 또 다른 자신을 향해 총을 겨누었다.)
섹스턴스,우리는 지지지 않아.
유령,좋습니다. 그럼 각하의 각오를 어디 한번 시험해 보도록 하죠!
